{
  "veg": {
    "test r2 ": 0.9768968342316262, 
    "train r2": 0.9910841554041296, 
    "test RMSE": 0.367346779561895, 
    "train RMSE": 0.22989775166793672
  }, 
  "runtime": 4.200327332814535, 
  "bare": {
    "test r2 ": 0.9999918185270091, 
    "train r2": 0.9999966040172051, 
    "test RMSE": 0.0015806023876087948, 
    "train RMSE": 0.0010177058532128216
  }, 
  "target": "zinflc"
}