{
  "veg": {
    "test r2 ": 0.9537669914471004, 
    "train r2": 0.9578235714698399, 
    "test RMSE": 0.34447414342153815, 
    "train RMSE": 0.32829755740801486
  }, 
  "runtime": 5.133284533023835, 
  "bare": {
    "test r2 ": 0.9217291079345041, 
    "train r2": 0.927044698697697, 
    "test RMSE": 0.0013982823639509842, 
    "train RMSE": 0.0013540228760855505
  }, 
  "target": "zinflc"
}