{
  "veg": {
    "test r2 ": 0.9770966559077179, 
    "train r2": 0.9786643900899271, 
    "test RMSE": 0.9349493554008451, 
    "train RMSE": 0.9056795754066645
  }, 
  "runtime": 63.06534768342972, 
  "bare": {
    "test r2 ": 0.970928305965036, 
    "train r2": 0.9730029879648673, 
    "test RMSE": 2.0945267500392806, 
    "train RMSE": 2.018265165896163
  }, 
  "target": "vmax"
}