{
  "veg": {
    "test r2 ": 0.9704278980108773, 
    "train r2": 0.9880885883440247, 
    "test RMSE": 0.5975662538610251, 
    "train RMSE": 0.3845308695997827
  }, 
  "runtime": 3.227475901444753, 
  "bare": {
    "test r2 ": 0.9746681092129021, 
    "train r2": 0.9895627906612866, 
    "test RMSE": 1.6766031400614942, 
    "train RMSE": 1.079949969929275
  }
}